[{
   "category": "YİYECEKLER",
   "sub": "",
   "agency": "Reklam Merkezi",
   "name": "Odelato / Doğal Dondurma",
   "advertiser": "Odelato Artisan Gelato",
   "support": []
}, {
   "category": "YİYECEKLER",
   "sub": "",
   "agency": "Being ÇÖZÜM",
   "name": "Colorado-Lezzetin Peşinde",
   "advertiser": "Assan Foods",
   "support": []
}, {
   "category": "YİYECEKLER",
   "sub": "",
   "agency": "Being ÇÖZÜM",
   "name": "Colorado-Tatlı Başlar Acı Biter",
   "advertiser": "Assan Foods",
   "support": []
}, {
   "category": "YİYECEKLER",
   "sub": "",
   "agency": "MullenLowe İstanbul",
   "name": "Yarım Kalan Tablolar",
   "advertiser": "Knorr",
   "support": ["Mindshare Türkiye"]
}, {
   "category": "YİYECEKLER",
   "sub": "",
   "agency": "MullenLowe İstanbul",
   "name": "Yarım Kalan Tablolar",
   "advertiser": "Knorr",
   "support": ["Mindshare Türkiye"]
}, {
   "category": "YİYECEKLER",
   "sub": "",
   "agency": "MullenLowe İstanbul",
   "name": "Yarım Kalan Tablolar",
   "advertiser": "Knorr",
   "support": ["Mindshare Türkiye"]
}, {
   "category": "YİYECEKLER",
   "sub": "",
   "agency": "MullenLowe İstanbul",
   "name": "Kendisi Küçük, Hazzı Büyük",
   "advertiser": "Magnum",
   "support": ["Mindshare Türkiye"]
}, {
   "category": "YİYECEKLER",
   "sub": "",
   "agency": "MullenLowe İstanbul",
   "name": "Kendisi Küçük, Hazzı Büyük",
   "advertiser": "Magnum",
   "support": ["Mindshare Türkiye"]
}, {
   "category": "YİYECEKLER",
   "sub": "",
   "agency": "MullenLowe İstanbul",
   "name": "Kendisi Küçük, Hazzı Büyük",
   "advertiser": "Magnum",
   "support": ["Mindshare Türkiye"]
}, {
   "category": "YİYECEKLER",
   "sub": "",
   "agency": "TBWA\\İstanbul",
   "name": "Küçük Başarılar -Karne",
   "advertiser": "McDonald's",
   "support": ["OMD"]
}, {
   "category": "YİYECEKLER",
   "sub": "",
   "agency": "TBWA\\İstanbul",
   "name": "Küçük Başarılar -Madalya",
   "advertiser": "McDonald's",
   "support": ["OMD"]
}, {
   "category": "İÇECEKLER",
   "sub": "",
   "agency": "MullenLowe İstanbul",
   "name": "Özür Dileriz",
   "advertiser": "SEK",
   "support": ["Sugar Rush", " Jingle House"]
}, {
   "category": "İÇECEKLER",
   "sub": "",
   "agency": "MullenLowe İstanbul",
   "name": "Özür Dileriz",
   "advertiser": "SEK",
   "support": ["Sugar Rush", " Jingle House"]
}, {
   "category": "İÇECEKLER",
   "sub": "",
   "agency": "MullenLowe İstanbul",
   "name": "Özür Dileriz",
   "advertiser": "SEK",
   "support": ["Sugar Rush", " Jingle House"]
}, {
   "category": "İÇECEKLER",
   "sub": "",
   "agency": "Medina Turgul DDB",
   "name": "Telefonlar Sussun / Aile",
   "advertiser": "Unilever/ Lİpton",
   "support": []
}, {
   "category": "İÇECEKLER",
   "sub": "",
   "agency": "Medina Turgul DDB",
   "name": "Telefonlar Sussun / Çocuklar",
   "advertiser": "Unilever/ Lİpton",
   "support": []
}, {
   "category": "İÇECEKLER",
   "sub": "",
   "agency": "Medina Turgul DDB",
   "name": "Telefonlar Sussun / Çift",
   "advertiser": "Unilever/ Lİpton",
   "support": []
}, {
   "category": "GÜZELLİK / KOZMETİK, KİŞİSEL BAKIM",
   "sub": "KOZMETİK, KİŞİSEL BAKIM",
   "agency": "louder branded story telling",
   "name": "Le Petit Marseillais Men Duş Jeli - Doğanın \"Doğa\"sı",
   "advertiser": "Johnson & Johnson",
   "support": []
}, {
   "category": "GÜZELLİK / KOZMETİK, KİŞİSEL BAKIM",
   "sub": "KOZMETİK, KİŞİSEL BAKIM",
   "agency": "Done Agency",
   "name": "AYDINLIK CİLTLER",
   "advertiser": "BIODERMA",
   "support": []
}, {
   "category": "GÜZELLİK / KOZMETİK, KİŞİSEL BAKIM",
   "sub": "KOZMETİK, KİŞİSEL BAKIM",
   "agency": "Medina Turgul DDB",
   "name": "Ağız Kokusu Bir Dramdır - Unutulmaz Eser",
   "advertiser": "Listerine",
   "support": ["ProFilm", " UM Türkiye", " Fotosanayii"]
}, {
   "category": "GÜZELLİK / KOZMETİK, KİŞİSEL BAKIM",
   "sub": "KOZMETİK, KİŞİSEL BAKIM",
   "agency": "Medina Turgul DDB",
   "name": "Yanardağ Sivilce",
   "advertiser": "Johnson & Johnson / Neutrogena",
   "support": ["ProFilm"]
}, {
   "category": "GÜZELLİK / KOZMETİK, KİŞİSEL BAKIM",
   "sub": "KOZMETİK, KİŞİSEL BAKIM",
   "agency": "TBWA\\İstanbul",
   "name": "Hastalık Patlangaçları - Hepatit A",
   "advertiser": "Fomy",
   "support": []
}, {
   "category": "GÜZELLİK / KOZMETİK, KİŞİSEL BAKIM",
   "sub": "KOZMETİK, KİŞİSEL BAKIM",
   "agency": "Medina Turgul DDB",
   "name": "Ağız Kokusu Bir Dramdır - Aşk Hikayesi",
   "advertiser": "Listerine",
   "support": ["Fotosanayii", " UM Türkiye", " ProFilm"]
}, {
   "category": "GÜZELLİK / KOZMETİK, KİŞİSEL BAKIM",
   "sub": "KOZMETİK, KİŞİSEL BAKIM",
   "agency": "Medina Turgul DDB",
   "name": "Ağız Kokusu Bir Dramdır - Başyapıt",
   "advertiser": "Listerine",
   "support": ["Fotosanayii", " UM Türkiye", " ProFilm"]
}, {
   "category": "GÜZELLİK / KOZMETİK, KİŞİSEL BAKIM",
   "sub": "KOZMETİK, KİŞİSEL BAKIM",
   "agency": "TBWA\\İstanbul",
   "name": "Hastalık Patlangaçları - Dizanteri",
   "advertiser": "Fomy",
   "support": []
}, {
   "category": "GÜZELLİK / KOZMETİK, KİŞİSEL BAKIM",
   "sub": "KOZMETİK, KİŞİSEL BAKIM",
   "agency": "TBWA\\İstanbul",
   "name": "Hastalık Patlangaçları - Tifo",
   "advertiser": "Fomy",
   "support": []
}, {
   "category": "GÜZELLİK / KOZMETİK, KİŞİSEL BAKIM",
   "sub": "KOZMETİK, KİŞİSEL BAKIM",
   "agency": "Karpat independent Advertising Agency",
   "name": "BÜTÜN GECE KONSER VERME",
   "advertiser": "GETWELL",
   "support": []
}, {
   "category": "GÜZELLİK / KOZMETİK, KİŞİSEL BAKIM",
   "sub": "KOZMETİK, KİŞİSEL BAKIM",
   "agency": "Karpat independent Advertising Agency",
   "name": "BÜTÜN GECE KONSER VERME",
   "advertiser": "GETWELL",
   "support": []
}, {
   "category": "EV, KONUT, MOBİLYA, DEKORASYON",
   "sub": "",
   "agency": "Reklam Merkezi",
   "name": "Dewilux / Testere",
   "advertiser": "DYO Dewilux Mobilya Boyaları",
   "support": []
}, {
   "category": "EV, KONUT, MOBİLYA, DEKORASYON",
   "sub": "",
   "agency": "Reklam Merkezi",
   "name": "Orfis / Langırt",
   "advertiser": "Orçelik",
   "support": []
}, {
   "category": "EV, KONUT, MOBİLYA, DEKORASYON",
   "sub": "",
   "agency": "Modiki",
   "name": "Kalesinterflex - Zürafa",
   "advertiser": "Kaleseramik",
   "support": []
}, {
   "category": "EV, KONUT, MOBİLYA, DEKORASYON",
   "sub": "",
   "agency": "TBWA\\İstanbul",
   "name": "iris Apfel - Simple is Beautiful - Stem Zero",
   "advertiser": "Şişecam - Nude",
   "support": ["212", " Sebastian KiM"]
}, {
   "category": "EV, KONUT, MOBİLYA, DEKORASYON",
   "sub": "",
   "agency": "TBWA\\İstanbul",
   "name": "iris Apfel - Simple is Beautiful - Mist",
   "advertiser": "Şişecam - Nude",
   "support": ["212", " Sebastian KiM"]
}, {
   "category": "EV, KONUT, MOBİLYA, DEKORASYON",
   "sub": "",
   "agency": "TBWA\\İstanbul",
   "name": "iris Apfel - Simple is Beautiful - Alba",
   "advertiser": "Şişecam - Nude",
   "support": ["212", " Sebastian KiM"]
}, {
   "category": "EV, KONUT, MOBİLYA, DEKORASYON",
   "sub": "",
   "agency": "VMLY&R İstanbul",
   "name": "İhtiyaç - Şamdan",
   "advertiser": "Karaca",
   "support": []
}, {
   "category": "EV, KONUT, MOBİLYA, DEKORASYON",
   "sub": "",
   "agency": "Karpat independent Advertising Agency",
   "name": "SENİN EVİN SENİN ESERİN",
   "advertiser": "ALFEMO",
   "support": []
}, {
   "category": "EV, KONUT, MOBİLYA, DEKORASYON",
   "sub": "",
   "agency": "VMLY&R İstanbul",
   "name": "İhtiyaç - Çarşaf",
   "advertiser": "Karaca Home",
   "support": []
}, {
   "category": "EV TEMİZLİK ÜRÜNLERİ",
   "sub": "",
   "agency": "4129Grey",
   "name": "FEBREZE PIE CHART İLANI (Soğan)",
   "advertiser": "P&G Home Care",
   "support": ["Kübra Okal"]
}, {
   "category": "EV TEMİZLİK ÜRÜNLERİ",
   "sub": "",
   "agency": "4129Grey",
   "name": "FEBREZE PIE CHART İLANI (Yumurta)",
   "advertiser": "P&G Home Care",
   "support": ["Kübra Okal"]
}, {
   "category": "EV TEMİZLİK ÜRÜNLERİ",
   "sub": "",
   "agency": "4129Grey",
   "name": "FEBREZE PIE CHART İLANI (Peynir)",
   "advertiser": "P&G Home Care",
   "support": ["Kübra Okal"]
}, {
   "category": "EV TEMİZLİK ÜRÜNLERİ",
   "sub": "",
   "agency": "Tribal Worldwide İstanbul",
   "name": "Mintax Peçete 1",
   "advertiser": "Şok Marketler",
   "support": ["OPN İletişim Çözümleri"]
}, {
   "category": "EV TEMİZLİK ÜRÜNLERİ",
   "sub": "",
   "agency": "Tribal Worldwide İstanbul",
   "name": "Mintax Peçete 2",
   "advertiser": "Şok Marketler T.A.Ş",
   "support": ["OPN İletişim Çözümleri"]
}, {
   "category": "EV TEMİZLİK ÜRÜNLERİ",
   "sub": "",
   "agency": "TBWA\\İstanbul",
   "name": "Bingo Hayalet",
   "advertiser": "Bingo",
   "support": []
}, {
   "category": "EV TEMİZLİK ÜRÜNLERİ",
   "sub": "",
   "agency": "TBWA\\İstanbul",
   "name": "Özel Karışımlar - Ortanca",
   "advertiser": "Hayat Kimya",
   "support": []
}, {
   "category": "EV TEMİZLİK ÜRÜNLERİ",
   "sub": "",
   "agency": "TBWA\\İstanbul",
   "name": "Özel Karışımlar - Bahar Çiçekleri",
   "advertiser": "Hayat Kimya",
   "support": []
}, {
   "category": "EV TEMİZLİK ÜRÜNLERİ",
   "sub": "",
   "agency": "TBWA\\İstanbul",
   "name": "Özel Karışımlar - Mor Çiçekler",
   "advertiser": "Hayat Kimya",
   "support": []
}, {
   "category": "EV TEMİZLİK ÜRÜNLERİ",
   "sub": "",
   "agency": "Havas",
   "name": "Geleceğin Gazetesi",
   "advertiser": "Reckitt Benckiser",
   "support": []
}, {
   "category": "EV TEMİZLİK ÜRÜNLERİ",
   "sub": "",
   "agency": "Havas",
   "name": "2040'ın Gazetesi",
   "advertiser": "Reckitt Benckiser",
   "support": [" Medyabank"]
}, {
   "category": "EV TEMİZLİK ÜRÜNLERİ",
   "sub": "",
   "agency": "Havas",
   "name": "Su Ayak Izi",
   "advertiser": "Reckitt Benckiser",
   "support": []
}, {
   "category": "OTOMOTİV & OTOMOTİV ÜRÜNLERİ",
   "sub": "OTOMOTİV & OTOMOTİV ÜRÜNLERİ",
   "agency": "Sotka",
   "name": "Toyota Hibrit Yol Durumu İlan",
   "advertiser": "Tuna Kenar",
   "support": []
}, {
   "category": "OTOMOTİV & OTOMOTİV ÜRÜNLERİ",
   "sub": "OTOMOTİV & OTOMOTİV ÜRÜNLERİ",
   "agency": "Sotka",
   "name": "Toyota C-HR Silüet İlan",
   "advertiser": "Tuna Kenar",
   "support": []
}, {
   "category": "OTOMOTİV & OTOMOTİV ÜRÜNLERİ",
   "sub": "OTOMOTİV & OTOMOTİV ÜRÜNLERİ",
   "agency": "BÜRO",
   "name": "Honda Civic - Dikiz Aynası",
   "advertiser": "Honda Türkiye",
   "support": []
}, {
   "category": "OTOMOTİV & OTOMOTİV ÜRÜNLERİ",
   "sub": "OTOMOTİV & OTOMOTİV ÜRÜNLERİ",
   "agency": "BÜRO",
   "name": "Honda Africa Twin - Geyik",
   "advertiser": "Honda Motosiklet",
   "support": []
}, {
   "category": "OTOMOTİV & OTOMOTİV ÜRÜNLERİ",
   "sub": "OTOMOTİV & OTOMOTİV ÜRÜNLERİ",
   "agency": "BÜRO",
   "name": "Honda Civic - Şerit",
   "advertiser": "Honda Türkiye",
   "support": []
}, {
   "category": "OTOMOTİV & OTOMOTİV ÜRÜNLERİ",
   "sub": "OTOMOTİV & OTOMOTİV ÜRÜNLERİ",
   "agency": "4129Grey",
   "name": "Renault Fren İlanı (Maç)",
   "advertiser": "Renault",
   "support": ["Wavemaker Türkiye"]
}, {
   "category": "OTOMOTİV & OTOMOTİV ÜRÜNLERİ",
   "sub": "OTOMOTİV & OTOMOTİV ÜRÜNLERİ",
   "agency": "4129Grey",
   "name": "Renault Fren İlanı (Köpek)",
   "advertiser": "Renault",
   "support": ["Wavemaker Türkiye"]
}, {
   "category": "OTOMOTİV & OTOMOTİV ÜRÜNLERİ",
   "sub": "OTOMOTİV & OTOMOTİV ÜRÜNLERİ",
   "agency": "4129Grey",
   "name": "Renault Fren İlanı (Babaanne)",
   "advertiser": "Renault",
   "support": ["Wavemaker Türkiye"]
}, {
   "category": "OTOMOTİV & OTOMOTİV ÜRÜNLERİ",
   "sub": "OTOMOTİV & OTOMOTİV ÜRÜNLERİ",
   "agency": "Concept",
   "name": "Fiat 500 HER NOKTASI TARZ",
   "advertiser": "Burak Umur Çelik",
   "support": []
}, {
   "category": "OTOMOTİV & OTOMOTİV ÜRÜNLERİ",
   "sub": "OTOMOTİV & OTOMOTİV ÜRÜNLERİ",
   "agency": "Concept",
   "name": "JEEP - BAYRAKLAR",
   "advertiser": "Jeep",
   "support": ["ALL D Studio"]
}, {
   "category": "OTOMOTİV & OTOMOTİV ÜRÜNLERİ",
   "sub": "OTOMOTİV & OTOMOTİV ÜRÜNLERİ",
   "agency": "Concept",
   "name": "JEEP - BAYRAKLAR",
   "advertiser": "Jeep",
   "support": ["ALL D Studio"]
}, {
   "category": "OTOMOTİV & OTOMOTİV ÜRÜNLERİ",
   "sub": "OTOMOTİV & OTOMOTİV ÜRÜNLERİ",
   "agency": "Concept",
   "name": "JEEP - EĞLENCE DIŞARIDA",
   "advertiser": "Jeep",
   "support": []
}, {
   "category": "OTOMOTİV & OTOMOTİV ÜRÜNLERİ",
   "sub": "OTOMOTİV & OTOMOTİV ÜRÜNLERİ",
   "agency": "Concept",
   "name": "JEEP - EĞLENCE DIŞARIDA",
   "advertiser": "Jeep",
   "support": []
}, {
   "category": "OTOMOTİV & OTOMOTİV ÜRÜNLERİ",
   "sub": "OTOMOTİV & OTOMOTİV ÜRÜNLERİ",
   "agency": "Concept",
   "name": "JEEP - YOGA",
   "advertiser": "Jeep",
   "support": ["Kerem Çobanlı Photography"]
}, {
   "category": "OTOMOTİV & OTOMOTİV ÜRÜNLERİ",
   "sub": "OTOMOTİV & OTOMOTİV ÜRÜNLERİ",
   "agency": "Concept",
   "name": "JEEP - YOGA",
   "advertiser": "Jeep",
   "support": ["Kerem Çobanlı Photography"]
}, {
   "category": "OTOMOTİV & OTOMOTİV ÜRÜNLERİ",
   "sub": "OTOMOTİV & OTOMOTİV ÜRÜNLERİ",
   "agency": "Concept",
   "name": "JEEP - YOGA",
   "advertiser": "Jeep",
   "support": ["Kerem Çobanlı Photography"]
}, {
   "category": "OTOMOTİV & OTOMOTİV ÜRÜNLERİ",
   "sub": "OTOMOTİV & OTOMOTİV ÜRÜNLERİ",
   "agency": "Happy People Project",
   "name": "FORD TRUCKS YOL YARDIM HİZMETİ",
   "advertiser": "FORD OTOSAN FORD TRUCKS",
   "support": []
}, {
   "category": "OTOMOTİV & OTOMOTİV ÜRÜNLERİ",
   "sub": "OTOMOTİV & OTOMOTİV ÜRÜNLERİ",
   "agency": "Happy People Project",
   "name": "LASSA TYRES EMERGENCY BRAKing SYSTEM",
   "advertiser": "LASSA TYRES",
   "support": []
}, {
   "category": "OTOMOTİV & OTOMOTİV ÜRÜNLERİ",
   "sub": "OTOMOTİV & OTOMOTİV ÜRÜNLERİ",
   "agency": "TBWA\\İstanbul",
   "name": "Göller -Meke Gölü",
   "advertiser": "Land Rover",
   "support": ["Starcomm"]
}, {
   "category": "OTOMOTİV & OTOMOTİV ÜRÜNLERİ",
   "sub": "OTOMOTİV & OTOMOTİV ÜRÜNLERİ",
   "agency": "TBWA\\İstanbul",
   "name": "Göller -Kuyucuk Gölü",
   "advertiser": "Land Rover",
   "support": ["Starcomm"]
}, {
   "category": "OTOMOTİV & OTOMOTİV ÜRÜNLERİ",
   "sub": "OTOMOTİV & OTOMOTİV ÜRÜNLERİ",
   "agency": "TBWA\\İstanbul",
   "name": "Göller -Akgöl",
   "advertiser": "Land Rover",
   "support": ["Starcomm"]
}, {
   "category": "OTOMOTİV & OTOMOTİV ÜRÜNLERİ",
   "sub": "OTOMOTİV & OTOMOTİV ÜRÜNLERİ",
   "agency": "Wire İstanbul",
   "name": "Suçlu Parçalar",
   "advertiser": "Temsa Motorlu Araçlar",
   "support": []
}, {
   "category": "OTOMOTİV & OTOMOTİV ÜRÜNLERİ",
   "sub": "OTOMOTİV & OTOMOTİV ÜRÜNLERİ",
   "agency": "Wire İstanbul",
   "name": "Suçlu Parçalar",
   "advertiser": "Temsa Motorlu Araçlar",
   "support": []
}, {
   "category": "OTOMOTİV & OTOMOTİV ÜRÜNLERİ",
   "sub": "OTOMOTİV & OTOMOTİV ÜRÜNLERİ",
   "agency": "Wire İstanbul",
   "name": "Suçlu Parçalar",
   "advertiser": "Temsa Motorlu Araçlar",
   "support": []
}, {
   "category": "OTOMOTİV & OTOMOTİV ÜRÜNLERİ",
   "sub": "OTOMOTİV & OTOMOTİV ÜRÜNLERİ",
   "agency": "TBWA\\İstanbul",
   "name": "Ayna - Kadın",
   "advertiser": "Nissan",
   "support": ["OMD"]
}, {
   "category": "OTOMOTİV & OTOMOTİV ÜRÜNLERİ",
   "sub": "OTOMOTİV & OTOMOTİV ÜRÜNLERİ",
   "agency": "TBWA\\İstanbul",
   "name": "Ayna - Erkek",
   "advertiser": "Nissan",
   "support": ["OMD"]
}, {
   "category": "OTOMOTİV & OTOMOTİV ÜRÜNLERİ",
   "sub": "OTOMOTİV & OTOMOTİV ÜRÜNLERİ",
   "agency": "Medina Turgul DDB",
   "name": "Çalışıyor gibi görünür / OFİS",
   "advertiser": "Doğuş Otomotiv Servis ve Ticaret A.Ş.",
   "support": ["Fotosanayii"]
}, {
   "category": "OTOMOTİV & OTOMOTİV ÜRÜNLERİ",
   "sub": "OTOMOTİV & OTOMOTİV ÜRÜNLERİ",
   "agency": "Medina Turgul DDB",
   "name": "Lime",
   "advertiser": "Doğuş Otomotiv Servis ve Ticaret A.Ş.",
   "support": []
}, {
   "category": "OTOMOTİV & OTOMOTİV ÜRÜNLERİ",
   "sub": "OTOMOTİV & OTOMOTİV ÜRÜNLERİ",
   "agency": "TBWA\\İstanbul",
   "name": "Ofis - 1",
   "advertiser": "Land Rover",
   "support": ["Starcomm"]
}, {
   "category": "OTOMOTİV & OTOMOTİV ÜRÜNLERİ",
   "sub": "OTOMOTİV & OTOMOTİV ÜRÜNLERİ",
   "agency": "TBWA\\İstanbul",
   "name": "Ofis - 2",
   "advertiser": "Land Rover",
   "support": ["Starcomm"]
}, {
   "category": "OTOMOTİV & OTOMOTİV ÜRÜNLERİ",
   "sub": "OTOMOTİV & OTOMOTİV ÜRÜNLERİ",
   "agency": "TBWA\\İstanbul",
   "name": "Ofis - 3",
   "advertiser": "Land Rover",
   "support": ["Starcomm"]
}, {
   "category": "OTOMOTİV & OTOMOTİV ÜRÜNLERİ",
   "sub": "OTOMOTİV & OTOMOTİV ÜRÜNLERİ",
   "agency": "Medina Turgul DDB",
   "name": "Çalışıyor gibi görünür / OKUL",
   "advertiser": "Doğuş Otomotiv Servis ve Ticaret A.Ş.",
   "support": ["Fotosanayii"]
}, {
   "category": "ELEKTRONİK VE BEYAZ EŞYA",
   "sub": "",
   "agency": "Reklam Merkezi",
   "name": "Lares / Yüzük",
   "advertiser": "Lares Güvenlik Sistemleri",
   "support": []
}, {
   "category": "ELEKTRONİK VE BEYAZ EŞYA",
   "sub": "",
   "agency": "Puck Global",
   "name": "Uğur Şok Haberler",
   "advertiser": "Uğur Soğutma A.Ş.",
   "support": ["Native Medya"]
}, {
   "category": "ELEKTRONİK VE BEYAZ EŞYA",
   "sub": "",
   "agency": "Concept",
   "name": "REGAL - DAMAT ÇİÇEĞİ",
   "advertiser": "VESTEL TİCARET A.Ş.",
   "support": ["Mediacom", " Kerem Çobanlı Photography"]
}, {
   "category": "ELEKTRONİK VE BEYAZ EŞYA",
   "sub": "",
   "agency": "Concept",
   "name": "VESTEL - HESAP MAKİNESİYLE ÇEKME",
   "advertiser": "VESTEL TİCARET A.Ş.",
   "support": ["Mediacom", " Kerem Çobanlı Photography"]
}, {
   "category": "ELEKTRONİK VE BEYAZ EŞYA",
   "sub": "",
   "agency": "Concept",
   "name": "VESTEL - TOST MAKİNESİYLE ÇEKME",
   "advertiser": "VESTEL TİCARET A.Ş.",
   "support": ["Mediacom", " Kerem Çobanlı Photography"]
}, {
   "category": "ELEKTRONİK VE BEYAZ EŞYA",
   "sub": "",
   "agency": "Concept",
   "name": "VESTEL - ÜTÜYLE ÇEKME",
   "advertiser": "VESTEL TİCARET A.Ş.",
   "support": ["Mediacom", " Kerem Çobanlı Photography"]
}, {
   "category": "ELEKTRONİK VE BEYAZ EŞYA",
   "sub": "",
   "agency": "Karbonat",
   "name": "VESTEL Takılabilir Ev Aletleri - Buzdolabı ilan",
   "advertiser": "VESTEL",
   "support": []
}, {
   "category": "ELEKTRONİK VE BEYAZ EŞYA",
   "sub": "",
   "agency": "Karbonat",
   "name": "VESTEL Takılabilir Ev Aletleri - Televizyon ilan",
   "advertiser": "VESTEL",
   "support": []
}, {
   "category": "ELEKTRONİK VE BEYAZ EŞYA",
   "sub": "",
   "agency": "Karbonat",
   "name": "VESTEL Takılabilir Ev Aletleri - Ütü ilan",
   "advertiser": "VESTEL",
   "support": []
}, {
   "category": "ELEKTRONİK VE BEYAZ EŞYA",
   "sub": "",
   "agency": "Karbonat",
   "name": "KOKULAR KARIŞMASIN - Bıçak",
   "advertiser": "REGAL",
   "support": []
}, {
   "category": "ELEKTRONİK VE BEYAZ EŞYA",
   "sub": "",
   "agency": "Karbonat",
   "name": "KOKULAR KARIŞMASIN - Kepçe",
   "advertiser": "REGAL",
   "support": []
}, {
   "category": "ELEKTRONİK VE BEYAZ EŞYA",
   "sub": "",
   "agency": "Karbonat",
   "name": "KOKULAR KARIŞMASIN - Sucuk",
   "advertiser": "REGAL",
   "support": []
}, {
   "category": "ELEKTRONİK VE BEYAZ EŞYA",
   "sub": "",
   "agency": "McCANN İstanbul",
   "name": "Anında Soğutma",
   "advertiser": "Beko",
   "support": ["Mindshare"]
}, {
   "category": "ELEKTRONİK VE BEYAZ EŞYA",
   "sub": "",
   "agency": "Medina Turgul DDB",
   "name": "Dalgalar - Tabak",
   "advertiser": "Bosch Sanayi ve Tİcaret A.Ş.",
   "support": ["Panda Films"]
}, {
   "category": "ELEKTRONİK VE BEYAZ EŞYA",
   "sub": "",
   "agency": "Medina Turgul DDB",
   "name": "Dalgalar - Tava",
   "advertiser": "Bosch Sanayi ve Tİcaret A.Ş.",
   "support": ["Panda Films"]
}, {
   "category": "ELEKTRONİK VE BEYAZ EŞYA",
   "sub": "",
   "agency": "Medina Turgul DDB",
   "name": "Dalgalar - Tencere",
   "advertiser": "Bosch Sanayi ve Tİcaret A.Ş.",
   "support": ["Panda Films"]
}, {
   "category": "ELEKTRONİK VE BEYAZ EŞYA",
   "sub": "",
   "agency": "Medina Turgul DDB",
   "name": "Travmatik Lekeler - Doğum günü",
   "advertiser": "Bosch Sanayi ve Tİcaret A.Ş.",
   "support": ["Panda Films"]
}, {
   "category": "ELEKTRONİK VE BEYAZ EŞYA",
   "sub": "",
   "agency": "Medina Turgul DDB",
   "name": "Travmatik Lekeler - Düğün",
   "advertiser": "Bosch Sanayi ve Tİcaret A.Ş.",
   "support": ["Panda Films"]
}, {
   "category": "ELEKTRONİK VE BEYAZ EŞYA",
   "sub": "",
   "agency": "Medina Turgul DDB",
   "name": "Tuzaklar - Sehpa",
   "advertiser": "Bosch Sanayi ve Tİcaret A.Ş.",
   "support": ["Panda Films"]
}, {
   "category": "ELEKTRONİK VE BEYAZ EŞYA",
   "sub": "",
   "agency": "Medina Turgul DDB",
   "name": "Tuzaklar - Saksı",
   "advertiser": "Bosch Sanayi ve Tİcaret A.Ş.",
   "support": ["Panda Films"]
}, {
   "category": "ELEKTRONİK VE BEYAZ EŞYA",
   "sub": "",
   "agency": "Medina Turgul DDB",
   "name": "PLAJ",
   "advertiser": "Bosch Sanayi ve Tİcaret A.Ş.",
   "support": ["Haluk Demirel"]
}, {
   "category": "ELEKTRONİK VE BEYAZ EŞYA",
   "sub": "",
   "agency": "VMLY&R İstanbul",
   "name": "Vodafone Smart 7",
   "advertiser": "Vodafone Türkiye",
   "support": ["Tilki Yapım"]
}, {
   "category": "ELEKTRONİK VE BEYAZ EŞYA",
   "sub": "",
   "agency": "VMLY&R İstanbul",
   "name": "Vodafone Smart 7",
   "advertiser": "Vodafone Türkiye",
   "support": ["Tilki Yapım"]
}, {
   "category": "ELEKTRONİK VE BEYAZ EŞYA",
   "sub": "",
   "agency": "VMLY&R İstanbul",
   "name": "Vodafone Smart 7",
   "advertiser": "Vodafone Türkiye",
   "support": ["Tilki Yapım"]
}, {
   "category": "ELEKTRONİK VE BEYAZ EŞYA",
   "sub": "",
   "agency": "VMLY&R İstanbul",
   "name": "Vodafone Smart 7",
   "advertiser": "Vodafone Türkiye",
   "support": ["Tilki Yapım"]
}, {
   "category": "ELEKTRONİK VE BEYAZ EŞYA",
   "sub": "",
   "agency": "VMLY&R İstanbul",
   "name": "Vodafone Smart 7",
   "advertiser": "Vodafone Türkiye",
   "support": ["Tilki Yapım"]
}, {
   "category": "ELEKTRONİK VE BEYAZ EŞYA",
   "sub": "",
   "agency": "VMLY&R İstanbul",
   "name": "Vodafone Smart 7",
   "advertiser": "Vodafone Türkiye",
   "support": ["Tilki Yapım"]
}, {
   "category": "ELEKTRONİK VE BEYAZ EŞYA",
   "sub": "",
   "agency": "VMLY&R İstanbul",
   "name": "Vodafone Smart 7",
   "advertiser": "Vodafone Türkiye",
   "support": ["Tilki Yapım"]
}, {
   "category": "ELEKTRONİK VE BEYAZ EŞYA",
   "sub": "",
   "agency": "VMLY&R İstanbul",
   "name": "Vodafone Smart 7",
   "advertiser": "Vodafone Türkiye",
   "support": ["Tilki Yapım"]
}, {
   "category": "ELEKTRONİK VE BEYAZ EŞYA",
   "sub": "",
   "agency": "VMLY&R İstanbul",
   "name": "Vodafone Smart 7",
   "advertiser": "Vodafone Türkiye",
   "support": ["Tilki Yapım"]
}, {
   "category": "ELEKTRONİK VE BEYAZ EŞYA",
   "sub": "",
   "agency": "VMLY&R İstanbul",
   "name": "Arçelik Multi Şef \"Aşçı\"",
   "advertiser": "Arçelik",
   "support": ["Mindshare"]
}, {
   "category": "ELEKTRONİK VE BEYAZ EŞYA",
   "sub": "",
   "agency": "VMLY&R İstanbul",
   "name": "Arçelik Davlumbaz \"Kuşlar\"",
   "advertiser": "Arçelik",
   "support": ["Aslı Çelikel", " Mindshare", " Cüneyt Özalp"]
}, {
   "category": "ELEKTRONİK VE BEYAZ EŞYA",
   "sub": "",
   "agency": "VMLY&R İstanbul",
   "name": "Arçelik Davlumbaz \"Köpekler\"",
   "advertiser": "Arçelik",
   "support": ["Mindshare", " Cüneyt Özalp", " Aslı Çelikel"]
}, {
   "category": "ELEKTRONİK VE BEYAZ EŞYA",
   "sub": "",
   "agency": "Kaf",
   "name": "Kola Dolabı",
   "advertiser": "Klimasan Klima Sanayi ve Ticaret A.Ş.",
   "support": []
}, {
   "category": "ELEKTRONİK VE BEYAZ EŞYA",
   "sub": "",
   "agency": "Kaf",
   "name": "Bira Dolabı",
   "advertiser": "Klimasan Klima Sanayi ve Ticaret A.Ş.",
   "support": []
}, {
   "category": "ELEKTRONİK VE BEYAZ EŞYA",
   "sub": "",
   "agency": "VMLY&R İstanbul",
   "name": "Arçelik Elektirikli Süpürge \"İnanılmaz İndirimler\"/0,50 Kuruş",
   "advertiser": "Arçelik",
   "support": ["Mindshare"]
}, {
   "category": "ELEKTRONİK VE BEYAZ EŞYA",
   "sub": "",
   "agency": "VMLY&R İstanbul",
   "name": "Arçelik Elektirikli Süpürge \"İnanılmaz İndirimler\"/1 TL",
   "advertiser": "Arçelik",
   "support": ["Mindshare"]
}, {
   "category": "MODA VE AKSESUAR",
   "sub": "",
   "agency": "TBWA\\İstanbul",
   "name": "Atasay Man's Collection - Balık",
   "advertiser": "Atasay",
   "support": []
}, {
   "category": "MODA VE AKSESUAR",
   "sub": "",
   "agency": "TBWA\\İstanbul",
   "name": "Atasay Man's Collection - Tavus Kuşu",
   "advertiser": "Atasay",
   "support": []
}, {
   "category": "MODA VE AKSESUAR",
   "sub": "",
   "agency": "TBWA\\İstanbul",
   "name": "Atasay Man's Collection - Ördek",
   "advertiser": "Atasay",
   "support": []
}, {
   "category": "MODA VE AKSESUAR",
   "sub": "",
   "agency": "Rafineri",
   "name": "BEYMEN / LET'S PLAY -1",
   "advertiser": "Beymen",
   "support": []
}, {
   "category": "MODA VE AKSESUAR",
   "sub": "",
   "agency": "Rafineri",
   "name": "BEYMEN / LET'S PLAY - 2",
   "advertiser": "BEYMEN",
   "support": []
}, {
   "category": "MODA VE AKSESUAR",
   "sub": "",
   "agency": "Rafineri",
   "name": "BEYMEN / LET'S PLAY - 3",
   "advertiser": "BEYMEN",
   "support": []
}, {
   "category": "MODA VE AKSESUAR",
   "sub": "",
   "agency": "TBWA\\İstanbul",
   "name": "Beyond Fashion - T-shirt",
   "advertiser": "Land Rover",
   "support": ["Starcomm"]
}, {
   "category": "MODA VE AKSESUAR",
   "sub": "",
   "agency": "TBWA\\İstanbul",
   "name": "Beyond Fashion - Shirt",
   "advertiser": "Land Rover",
   "support": ["Starcomm"]
}, {
   "category": "MODA VE AKSESUAR",
   "sub": "",
   "agency": "TBWA\\İstanbul",
   "name": "Beyond Fashion - Polo Shirt",
   "advertiser": "Land Rover",
   "support": ["Starcomm"]
}, {
   "category": "BANKA, SİGORTA VE FİNANSAL HİZMETLER",
   "sub": "",
   "agency": "Lokal",
   "name": "Aşk İçin Risk Al-Hafıza İlan",
   "advertiser": "Groupama Sigorta",
   "support": []
}, {
   "category": "BANKA, SİGORTA VE FİNANSAL HİZMETLER",
   "sub": "",
   "agency": "Lokal",
   "name": "Aşk İçin Risk Al-Kelebek İlan",
   "advertiser": "Groupama Sigorta",
   "support": []
}, {
   "category": "BANKA, SİGORTA VE FİNANSAL HİZMETLER",
   "sub": "",
   "agency": "Lokal",
   "name": "Aşk İçin Risk Al-Sarmaşık İlan",
   "advertiser": "Groupama Sigorta",
   "support": []
}, {
   "category": "BANKA, SİGORTA VE FİNANSAL HİZMETLER",
   "sub": "",
   "agency": "Tribal Worldwide İstanbul",
   "name": "Virüs - Araba",
   "advertiser": "Aksigorta",
   "support": ["Bee İstanbul"]
}, {
   "category": "BANKA, SİGORTA VE FİNANSAL HİZMETLER",
   "sub": "",
   "agency": "Tribal Worldwide İstanbul",
   "name": "Virüs - Ev",
   "advertiser": "Aksigorta",
   "support": ["Bee İstanbul"]
}, {
   "category": "BANKA, SİGORTA VE FİNANSAL HİZMETLER",
   "sub": "",
   "agency": "Modiki",
   "name": "AXA Sigorta Retro İlan",
   "advertiser": "AXA Sigorta",
   "support": ["Havas Medya Ajansı"]
}, {
   "category": "BANKA, SİGORTA VE FİNANSAL HİZMETLER",
   "sub": "",
   "agency": "MullenLowe İstanbul",
   "name": "Alternatif Bank - Tatil Kredisi",
   "advertiser": "Alternatif Bank",
   "support": ["People initiative"]
}, {
   "category": "BANKA, SİGORTA VE FİNANSAL HİZMETLER",
   "sub": "",
   "agency": "Puck Global",
   "name": "KONUT FİNANSMANI",
   "advertiser": "ALBARAKA TÜRK",
   "support": []
}, {
   "category": "BANKA, SİGORTA VE FİNANSAL HİZMETLER",
   "sub": "",
   "agency": "Concept",
   "name": "Allianz SEYAHAT SİGORTASI",
   "advertiser": "ALLİANZ",
   "support": ["Mindshare Turkey"]
}, {
   "category": "BANKA, SİGORTA VE FİNANSAL HİZMETLER",
   "sub": "",
   "agency": "Rabarba",
   "name": "Sigortasız Heykeller",
   "advertiser": "QNB FİNANSBANK",
   "support": ["PEOPLE"]
}, {
   "category": "BANKA, SİGORTA VE FİNANSAL HİZMETLER",
   "sub": "",
   "agency": "Rabarba",
   "name": "Sigortasız Heykeller",
   "advertiser": "QNB FİNANSBANK",
   "support": ["PEOPLE"]
}, {
   "category": "BANKA, SİGORTA VE FİNANSAL HİZMETLER",
   "sub": "",
   "agency": "Rabarba",
   "name": "Sigortasız Heykeller",
   "advertiser": "QNB FİNANSBANK",
   "support": ["PEOPLE"]
}, {
   "category": "BANKA, SİGORTA VE FİNANSAL HİZMETLER",
   "sub": "",
   "agency": "Alaaddin",
   "name": "Spend Like In Your Homeland",
   "advertiser": "VakıfBank",
   "support": []
}, {
   "category": "BANKA, SİGORTA VE FİNANSAL HİZMETLER",
   "sub": "",
   "agency": "TBWA\\İstanbul",
   "name": "Kiralık Kasa / Vazo",
   "advertiser": "Akbank",
   "support": []
}, {
   "category": "BANKA, SİGORTA VE FİNANSAL HİZMETLER",
   "sub": "",
   "agency": "TBWA\\İstanbul",
   "name": "Anadolu Sigorta - Yurtdışı Seyahat Sigortası - Havalimanı",
   "advertiser": "Anadolu Sigorta",
   "support": ["Carat Medya"]
}, {
   "category": "BANKA, SİGORTA VE FİNANSAL HİZMETLER",
   "sub": "",
   "agency": "TBWA\\İstanbul",
   "name": "Anadolu Sigorta - Yurtdışı Seyahat Sigortası - Havuz",
   "advertiser": "Anadolu Sigorta",
   "support": ["Carat Medya"]
}, {
   "category": "BANKA, SİGORTA VE FİNANSAL HİZMETLER",
   "sub": "",
   "agency": "TBWA\\İstanbul",
   "name": "Anadolu Sigorta - Yurtdışı Seyahat Sigortası - Kayak",
   "advertiser": "Anadolu Sigorta",
   "support": ["Carat Medya"]
}, {
   "category": "BANKA, SİGORTA VE FİNANSAL HİZMETLER",
   "sub": "",
   "agency": "TBWA\\İstanbul",
   "name": "Kiralık Kasa / Saksı",
   "advertiser": "Akbank",
   "support": []
}, {
   "category": "BANKA, SİGORTA VE FİNANSAL HİZMETLER",
   "sub": "",
   "agency": "TBWA\\İstanbul",
   "name": "Kiralık Kasa / Yastık",
   "advertiser": "Akbank",
   "support": []
}, {
   "category": "BANKA, SİGORTA VE FİNANSAL HİZMETLER",
   "sub": "",
   "agency": "People initiative",
   "name": "Dijital Köprü",
   "advertiser": "QNB Finansbank",
   "support": ["3dots Turkey"]
}, {
   "category": "BANKA, SİGORTA VE FİNANSAL HİZMETLER",
   "sub": "",
   "agency": "Karpat independent Advertising Agency",
   "name": "HAYALLERE GENÇKEN ADIM ATIN",
   "advertiser": "VAKIF EMEKLİLİK",
   "support": []
}, {
   "category": "BANKA, SİGORTA VE FİNANSAL HİZMETLER",
   "sub": "",
   "agency": "Rafineri",
   "name": "Göz ID - 01 Evlilik",
   "advertiser": "YAPI KREDİ",
   "support": ["ABT"]
}, {
   "category": "BANKA, SİGORTA VE FİNANSAL HİZMETLER",
   "sub": "",
   "agency": "Rafineri",
   "name": "Göz ID - 02 Takım",
   "advertiser": "YAPI KREDİ",
   "support": ["ABT"]
}, {
   "category": "TEKNOLOJİ HİZMETLERİ",
   "sub": "",
   "agency": "Concept",
   "name": "TT Mobil/Yurtdışı Tarifesi 1",
   "advertiser": "Türk Telekom",
   "support": ["Skala Medya"]
}, {
   "category": "TEKNOLOJİ HİZMETLERİ",
   "sub": "",
   "agency": "Concept",
   "name": "TT Mobil/Yurtdışı Tarifesi 2",
   "advertiser": "Türk Telekom",
   "support": ["Skala Medya"]
}, {
   "category": "TEKNOLOJİ HİZMETLERİ",
   "sub": "",
   "agency": "Concept",
   "name": "TT Mobil/Yurtdışı Tarifesi 3",
   "advertiser": "Türk Telekom",
   "support": ["Skala Medya"]
}, {
   "category": "TEKNOLOJİ HİZMETLERİ",
   "sub": "",
   "agency": "Concept",
   "name": "Muud/Şarkı Sözleri/Ense",
   "advertiser": "Türk Telekom",
   "support": ["Bee İstanbul", " Skala Medya"]
}, {
   "category": "TEKNOLOJİ HİZMETLERİ",
   "sub": "",
   "agency": "Concept",
   "name": "Muud/Şarkı Sözleri/Dolmuş",
   "advertiser": "Türk Telekom",
   "support": ["Skala Medya", " Bee İstanbul"]
}, {
   "category": "TEKNOLOJİ HİZMETLERİ",
   "sub": "",
   "agency": "MullenLowe İstanbul",
   "name": "D-Smart Go Nerede İstersen İzle",
   "advertiser": "D-Smart",
   "support": ["Skala Medya"]
}, {
   "category": "TEKNOLOJİ HİZMETLERİ",
   "sub": "",
   "agency": "MullenLowe İstanbul",
   "name": "D-Smart Go Üyelik İlanı",
   "advertiser": "D-Smart",
   "support": ["Skala Medya"]
}, {
   "category": "TEKNOLOJİ HİZMETLERİ",
   "sub": "",
   "agency": "VMLY&R İstanbul",
   "name": "V-Çocuk Takip",
   "advertiser": "Vodafone Türkiye",
   "support": ["PPR İstanbul"]
}, {
   "category": "TEKNOLOJİ HİZMETLERİ",
   "sub": "",
   "agency": "VMLY&R İstanbul",
   "name": "V-Çocuk Takip",
   "advertiser": "Vodafone Türkiye",
   "support": ["PPR İstanbul"]
}, {
   "category": "TEKNOLOJİ HİZMETLERİ",
   "sub": "",
   "agency": "TBWA\\İstanbul",
   "name": "Hafızamızdan Silinmesin - Yangın",
   "advertiser": "Turkcell",
   "support": ["Arena Medya"]
}, {
   "category": "TEKNOLOJİ HİZMETLERİ",
   "sub": "",
   "agency": "TBWA\\İstanbul",
   "name": "Bir Arada Paketler - The Matrix",
   "advertiser": "TV+",
   "support": ["Arena Medya"]
}, {
   "category": "TEKNOLOJİ HİZMETLERİ",
   "sub": "",
   "agency": "TBWA\\İstanbul",
   "name": "Bir Arada Paketler - Gravity",
   "advertiser": "TV+",
   "support": ["Arena Medya"]
}, {
   "category": "TEKNOLOJİ HİZMETLERİ",
   "sub": "",
   "agency": "TBWA\\İstanbul",
   "name": "Bir Arada Paketler - 300",
   "advertiser": "TV+",
   "support": ["Arena Medya"]
}, {
   "category": "TEKNOLOJİ HİZMETLERİ",
   "sub": "",
   "agency": "TBWA\\İstanbul",
   "name": "Bir Arada Paketler - World War Z",
   "advertiser": "TV+",
   "support": ["Arena Medya"]
}, {
   "category": "TEKNOLOJİ HİZMETLERİ",
   "sub": "",
   "agency": "TBWA\\İstanbul",
   "name": "Hafızamızdan Silinmesin - Kirlilik",
   "advertiser": "Turkcell",
   "support": ["Arena Medya"]
}, {
   "category": "TEKNOLOJİ HİZMETLERİ",
   "sub": "",
   "agency": "TBWA\\İstanbul",
   "name": "Hafızamızdan Silinmesin - Yoksulluk",
   "advertiser": "Turkcell",
   "support": ["Arena Medya"]
}, {
   "category": "TEKNOLOJİ HİZMETLERİ",
   "sub": "",
   "agency": "VMLY&R İstanbul",
   "name": "Bein Connect - Şanssız Koltuklar 1",
   "advertiser": "Krea İçerik Hizmetleri ve Prodüksiyon A.S",
   "support": []
}, {
   "category": "TEKNOLOJİ HİZMETLERİ",
   "sub": "",
   "agency": "TBWA\\İstanbul",
   "name": "Hafızamızdan Silinmesin - Göçmen",
   "advertiser": "Turkcell",
   "support": ["Arena Medya"]
}, {
   "category": "TEKNOLOJİ HİZMETLERİ",
   "sub": "",
   "agency": "TBWA\\İstanbul",
   "name": "Hafızamızdan Silinmesin - Savaş",
   "advertiser": "Turkcell",
   "support": ["Arena Medya"]
}, {
   "category": "TEKNOLOJİ HİZMETLERİ",
   "sub": "",
   "agency": "Rafineri",
   "name": "01 BiP Benjamin",
   "advertiser": "Turkcell",
   "support": []
}, {
   "category": "TEKNOLOJİ HİZMETLERİ",
   "sub": "",
   "agency": "Rafineri",
   "name": "02 BiP Itri",
   "advertiser": "Turkcell",
   "support": []
}, {
   "category": "TEKNOLOJİ HİZMETLERİ",
   "sub": "",
   "agency": "Rafineri",
   "name": "01 BiP Emoji Lider",
   "advertiser": "Turkcell",
   "support": ["Anima"]
}, {
   "category": "TEKNOLOJİ HİZMETLERİ",
   "sub": "",
   "agency": "Rafineri",
   "name": "03 BiP Cahit",
   "advertiser": "Turkcell",
   "support": []
}, {
   "category": "TEKNOLOJİ HİZMETLERİ",
   "sub": "",
   "agency": "Rafineri",
   "name": "02 BiP Emoji Lider",
   "advertiser": "Turkcell",
   "support": ["Anima"]
}, {
   "category": "TEKNOLOJİ HİZMETLERİ",
   "sub": "",
   "agency": "Rafineri",
   "name": "03 BiP Emoji Lider",
   "advertiser": "Turkcell",
   "support": ["Anima"]
}, {
   "category": "TEKNOLOJİ HİZMETLERİ",
   "sub": "",
   "agency": "Rafineri",
   "name": "Dergilik",
   "advertiser": "TelekoMinikasyon",
   "support": []
}, {
   "category": "TEKNOLOJİ HİZMETLERİ",
   "sub": "",
   "agency": "Rafineri",
   "name": "Turkcell Connection - Stadyum",
   "advertiser": "Turkcell",
   "support": []
}, {
   "category": "TEKNOLOJİ HİZMETLERİ",
   "sub": "",
   "agency": "Rafineri",
   "name": "Turkcell Connection - Konser",
   "advertiser": "Turkcell",
   "support": []
}, {
   "category": "TEKNOLOJİ HİZMETLERİ",
   "sub": "",
   "agency": "Rafineri",
   "name": "Lifecell / Supercam -Karınca",
   "advertiser": "TURKCELL",
   "support": ["Haluk Demirel"]
}, {
   "category": "TEKNOLOJİ HİZMETLERİ",
   "sub": "",
   "agency": "Rafineri",
   "name": "Lifecell / Supercam- Gece Görüşü",
   "advertiser": "TURKCELL",
   "support": []
}, {
   "category": "TEKNOLOJİ HİZMETLERİ",
   "sub": "",
   "agency": "Rafineri",
   "name": "Lifecell /Supercam- Film İzler Gibi (Bebek Firarda)",
   "advertiser": "TURKCELL",
   "support": []
}, {
   "category": "TEKNOLOJİ HİZMETLERİ",
   "sub": "",
   "agency": "VMLY&R İstanbul",
   "name": "Digiturk - Basketbolun Heyecanı -4 Saniye",
   "advertiser": "Krea İçerik Hizmetleri ve Prodüksiyon A.S",
   "support": []
}, {
   "category": "TEKNOLOJİ HİZMETLERİ",
   "sub": "",
   "agency": "VMLY&R İstanbul",
   "name": "Digiturk - Basketbolun Heyecanı -9 Saniye",
   "advertiser": "Krea İçerik Hizmetleri ve Prodüksiyon A.S",
   "support": []
}, {
   "category": "TEKNOLOJİ HİZMETLERİ",
   "sub": "",
   "agency": "VMLY&R İstanbul",
   "name": "Digiturk - Basketbolun Heyecanı -10 Saniye",
   "advertiser": "Krea İçerik Hizmetleri ve Prodüksiyon A.S",
   "support": []
}, {
   "category": "TEKNOLOJİ HİZMETLERİ",
   "sub": "",
   "agency": "VMLY&R İstanbul",
   "name": "Bein Connect - Şanssız Koltuklar 2",
   "advertiser": "Krea İçerik Hizmetleri ve Prodüksiyon A.S",
   "support": []
}, {
   "category": "TEKNOLOJİ HİZMETLERİ",
   "sub": "",
   "agency": "VMLY&R İstanbul",
   "name": "Bein Connect - Şanssız Koltuklar 3",
   "advertiser": "Krea İçerik Hizmetleri ve Prodüksiyon A.S",
   "support": []
}, {
   "category": "TEKNOLOJİ HİZMETLERİ",
   "sub": "",
   "agency": "VMLY&R İstanbul",
   "name": "Bein Connect - Şanssız Koltuklar 4",
   "advertiser": "Krea İçerik Hizmetleri ve Prodüksiyon A.S",
   "support": []
}, {
   "category": "TEKNOLOJİ HİZMETLERİ",
   "sub": "",
   "agency": "Rafineri",
   "name": "Lifecell /Supercam- Film İzler Gibi (Felekten Bir Gece)",
   "advertiser": "TURKCELL",
   "support": []
}, {
   "category": "TEKNOLOJİ HİZMETLERİ",
   "sub": "",
   "agency": "Rafineri",
   "name": "Lifecell /Supercam- Film İzler Gibi (Uyuyan Güzel)",
   "advertiser": "TURKCELL",
   "support": []
}, {
   "category": "KÜLTÜR, SANAT, SPOR, MEDYA, YAYIN, EĞLENCE",
   "sub": "",
   "agency": "Ogilvy",
   "name": "ahskdjşlsdkj",
   "advertiser": "Beşiktaş Kültür Merkezi",
   "support": []
}, {
   "category": "KÜLTÜR, SANAT, SPOR, MEDYA, YAYIN, EĞLENCE",
   "sub": "",
   "agency": "Ogilvy",
   "name": "ahskdjşlsdkj",
   "advertiser": "Beşiktaş Kültür Merkezi",
   "support": []
}, {
   "category": "KÜLTÜR, SANAT, SPOR, MEDYA, YAYIN, EĞLENCE",
   "sub": "",
   "agency": "Ogilvy",
   "name": "ahskdjşlsdkj",
   "advertiser": "Beşiktaş Kültür Merkezi",
   "support": []
}, {
   "category": "KÜLTÜR, SANAT, SPOR, MEDYA, YAYIN, EĞLENCE",
   "sub": "",
   "agency": "Ogilvy",
   "name": "ahskdjşlsdkj",
   "advertiser": "Beşiktaş Kültür Merkezi",
   "support": []
}, {
   "category": "KÜLTÜR, SANAT, SPOR, MEDYA, YAYIN, EĞLENCE",
   "sub": "",
   "agency": "Format C",
   "name": "Kadının Adı yok",
   "advertiser": "Doğan Egmont",
   "support": []
}, {
   "category": "KÜLTÜR, SANAT, SPOR, MEDYA, YAYIN, EĞLENCE",
   "sub": "",
   "agency": "Concept",
   "name": "THE ROCK Radio SUSMUYORUZ - BAS GİTAR",
   "advertiser": "Metehan Mert Çakır",
   "support": ["Kerem Çobanlı Photography"]
}, {
   "category": "KÜLTÜR, SANAT, SPOR, MEDYA, YAYIN, EĞLENCE",
   "sub": "",
   "agency": "Concept",
   "name": "THE ROCK Radio SUSMUYORUZ - BATERİ",
   "advertiser": "Metehan Mert Çakır",
   "support": ["Kerem Çobanlı Photography"]
}, {
   "category": "KÜLTÜR, SANAT, SPOR, MEDYA, YAYIN, EĞLENCE",
   "sub": "",
   "agency": "Concept",
   "name": "THE ROCK Radio SUSMUYORUZ - GİTAR",
   "advertiser": "Metehan Mert Çakır",
   "support": ["Kerem Çobanlı Photography"]
}, {
   "category": "KÜLTÜR, SANAT, SPOR, MEDYA, YAYIN, EĞLENCE",
   "sub": "",
   "agency": "Concept",
   "name": "THE ROCK Radio SUSMUYORUZ - TROMPET",
   "advertiser": "Metehan Mert Çakır",
   "support": ["Kerem Çobanlı Photography"]
}, {
   "category": "KÜLTÜR, SANAT, SPOR, MEDYA, YAYIN, EĞLENCE",
   "sub": "",
   "agency": "Being ÇÖZÜM",
   "name": "Fanatik-Heyecanın Tam İçindesin",
   "advertiser": "Demirören Gazetecilik",
   "support": []
}, {
   "category": "KÜLTÜR, SANAT, SPOR, MEDYA, YAYIN, EĞLENCE",
   "sub": "",
   "agency": "Alaaddin",
   "name": "VBSK Dünya Şampiyonu",
   "advertiser": "VakıfBank",
   "support": []
}, {
   "category": "KÜLTÜR, SANAT, SPOR, MEDYA, YAYIN, EĞLENCE",
   "sub": "",
   "agency": "Alaaddin",
   "name": "VBKY İlanı",
   "advertiser": "VakıfBank",
   "support": []
}, {
   "category": "KÜLTÜR, SANAT, SPOR, MEDYA, YAYIN, EĞLENCE",
   "sub": "",
   "agency": "Rabarba",
   "name": "Birbiriyle İlgisiz Şarkılar",
   "advertiser": "Kent FM",
   "support": []
}, {
   "category": "KÜLTÜR, SANAT, SPOR, MEDYA, YAYIN, EĞLENCE",
   "sub": "",
   "agency": "Rabarba",
   "name": "Birbiriyle İlgisiz Şarkılar",
   "advertiser": "Kent FM",
   "support": []
}, {
   "category": "KÜLTÜR, SANAT, SPOR, MEDYA, YAYIN, EĞLENCE",
   "sub": "",
   "agency": "Rabarba",
   "name": "Birbiriyle İlgisiz Şarkılar",
   "advertiser": "Kent FM",
   "support": []
}, {
   "category": "KÜLTÜR, SANAT, SPOR, MEDYA, YAYIN, EĞLENCE",
   "sub": "",
   "agency": "Kompüter",
   "name": "18. İf İstanbul Bağımsız Filmler Festivali",
   "advertiser": "CGV Mars Cinema Group",
   "support": ["Autonomy"]
}, {
   "category": "KÜLTÜR, SANAT, SPOR, MEDYA, YAYIN, EĞLENCE",
   "sub": "",
   "agency": "McCANN İstanbul",
   "name": "Uygun Fiyatlı Pavyon Deneyimi",
   "advertiser": "BLUTV İLETİŞİM VE DİJİTAL YAYIN OTOMOTİV & OTOMOTİV ÜRÜNLERİ A.Ş.",
   "support": []
}, {
   "category": "KÜLTÜR, SANAT, SPOR, MEDYA, YAYIN, EĞLENCE",
   "sub": "",
   "agency": "VMLY&R İstanbul",
   "name": "Bein Connect - Transformers -Al Yazmalım",
   "advertiser": "Krea İçerik Hizmetleri ve Prodüksiyon A.S",
   "support": []
}, {
   "category": "KÜLTÜR, SANAT, SPOR, MEDYA, YAYIN, EĞLENCE",
   "sub": "",
   "agency": "VMLY&R İstanbul",
   "name": "Bein Connect - Transformers - Akasya Durağı",
   "advertiser": "Krea İçerik Hizmetleri ve Prodüksiyon A.S",
   "support": []
}, {
   "category": "KÜLTÜR, SANAT, SPOR, MEDYA, YAYIN, EĞLENCE",
   "sub": "",
   "agency": "TBWA\\İstanbul",
   "name": "Acting identity",
   "advertiser": "Theatre Hours",
   "support": []
}, {
   "category": "KÜLTÜR, SANAT, SPOR, MEDYA, YAYIN, EĞLENCE",
   "sub": "",
   "agency": "VMLY&R İstanbul",
   "name": "Bein Connect - Çocuk Kilidi - Joker",
   "advertiser": "Krea İçerik Hizmetleri ve Prodüksiyon A.S",
   "support": []
}, {
   "category": "KÜLTÜR, SANAT, SPOR, MEDYA, YAYIN, EĞLENCE",
   "sub": "",
   "agency": "VMLY&R İstanbul",
   "name": "Bein Connect - Çocuk Kilidi - Predator",
   "advertiser": "Krea İçerik Hizmetleri ve Prodüksiyon A.S",
   "support": []
}, {
   "category": "KÜLTÜR, SANAT, SPOR, MEDYA, YAYIN, EĞLENCE",
   "sub": "",
   "agency": "VMLY&R İstanbul",
   "name": "Bein Connect - Çocuk Kilidi - Zombi",
   "advertiser": "Krea İçerik Hizmetleri ve Prodüksiyon A.S",
   "support": []
}, {
   "category": "KÜLTÜR, SANAT, SPOR, MEDYA, YAYIN, EĞLENCE",
   "sub": "",
   "agency": "TBWA\\İstanbul",
   "name": "İKSV - Film Festivali / A Clockwork Orange",
   "advertiser": "İKSV",
   "support": []
}, {
   "category": "KÜLTÜR, SANAT, SPOR, MEDYA, YAYIN, EĞLENCE",
   "sub": "",
   "agency": "TBWA\\İstanbul",
   "name": "İKSV - Film Festivali / Black Swan",
   "advertiser": "İKSV",
   "support": []
}, {
   "category": "KÜLTÜR, SANAT, SPOR, MEDYA, YAYIN, EĞLENCE",
   "sub": "",
   "agency": "TBWA\\İstanbul",
   "name": "İKSV - Film Festivali / Tenenbaums",
   "advertiser": "İKSV",
   "support": []
}, {
   "category": "TURİZM VE TAŞIMACILIK",
   "sub": "",
   "agency": "Mopp Ajans",
   "name": "Mng Kargo İşveren Markası",
   "advertiser": "Mng Kargo",
   "support": []
}, {
   "category": "TURİZM VE TAŞIMACILIK",
   "sub": "",
   "agency": "Ogilvy",
   "name": "Bayraklar",
   "advertiser": "sonfiyat.com",
   "support": []
}, {
   "category": "TURİZM VE TAŞIMACILIK",
   "sub": "",
   "agency": "Ogilvy",
   "name": "Bayraklar",
   "advertiser": "sonfiyat.com",
   "support": []
}, {
   "category": "TURİZM VE TAŞIMACILIK",
   "sub": "",
   "agency": "Ogilvy",
   "name": "Bayraklar",
   "advertiser": "sonfiyat.com",
   "support": []
}, {
   "category": "TURİZM VE TAŞIMACILIK",
   "sub": "",
   "agency": "Ogilvy",
   "name": "Bayraklar",
   "advertiser": "sonfiyat.com",
   "support": []
}, {
   "category": "TURİZM VE TAŞIMACILIK",
   "sub": "",
   "agency": "Ogilvy",
   "name": "Bayraklar",
   "advertiser": "sonfiyat.com",
   "support": []
}, {
   "category": "TURİZM VE TAŞIMACILIK",
   "sub": "",
   "agency": "Ogilvy",
   "name": "Erken Rezervasyon",
   "advertiser": "Karia Bell",
   "support": []
}, {
   "category": "TURİZM VE TAŞIMACILIK",
   "sub": "",
   "agency": "Ogilvy",
   "name": "Erken Rezervasyon",
   "advertiser": "Karia Bell",
   "support": []
}, {
   "category": "TURİZM VE TAŞIMACILIK",
   "sub": "",
   "agency": "Ogilvy",
   "name": "Erken Rezervasyon",
   "advertiser": "Karia Bell",
   "support": []
}, {
   "category": "TURİZM VE TAŞIMACILIK",
   "sub": "",
   "agency": "4129Grey",
   "name": "Sabiha Gökçen 19 Mayıs İlanı",
   "advertiser": "Sabiha Gökçen Havalimanı",
   "support": []
}, {
   "category": "TURİZM VE TAŞIMACILIK",
   "sub": "",
   "agency": "4129Grey",
   "name": "Sabiha Gökçen Atatürk Havalimanı Veda İlanı",
   "advertiser": "Sabiha Gökçen Havalimanı",
   "support": []
}, {
   "category": "TURİZM VE TAŞIMACILIK",
   "sub": "",
   "agency": "4129Grey",
   "name": "Sabiha Gökçen İstanbul Havalimanı Hoş geldin İlanı",
   "advertiser": "Sabiha Gökçen",
   "support": []
}, {
   "category": "TURİZM VE TAŞIMACILIK",
   "sub": "",
   "agency": "Titrifikir",
   "name": "Buranıza Kadar Geldiyse",
   "advertiser": "Tatilsepeti",
   "support": []
}, {
   "category": "TURİZM VE TAŞIMACILIK",
   "sub": "",
   "agency": "Rafineri",
   "name": "Fly and Watch - Köprü",
   "advertiser": "Pegasus Hava Yolu",
   "support": []
}, {
   "category": "PERAKENDE, SATIŞ, E-TİCARET",
   "sub": "",
   "agency": "Tribal Worldwide İstanbul",
   "name": "Terra Pizza / Besin",
   "advertiser": "Terra Pizza",
   "support": ["Havas Media"]
}, {
   "category": "PERAKENDE, SATIŞ, E-TİCARET",
   "sub": "",
   "agency": "McCANN İstanbul",
   "name": "Subway'de Olmayan Şeyler / Turşu Yok",
   "advertiser": "Subway international BV. İstanbul – Turkey Country Office",
   "support": []
}, {
   "category": "PERAKENDE, SATIŞ, E-TİCARET",
   "sub": "",
   "agency": "McCANN İstanbul",
   "name": "Subway'de Olmayan Şeyler / Zeytin Yok",
   "advertiser": "Subway international BV. İstanbul – Turkey Country Office",
   "support": []
}, {
   "category": "PERAKENDE, SATIŞ, E-TİCARET",
   "sub": "",
   "agency": "Format C",
   "name": "İnsilün Promosyonlu Menü",
   "advertiser": "Tazeşef",
   "support": ["alld Studio"]
}, {
   "category": "PERAKENDE, SATIŞ, E-TİCARET",
   "sub": "",
   "agency": "Rabarba",
   "name": "İstediğin Zaman Diliminde Teslimat",
   "advertiser": "Migros Sanal Market",
   "support": ["Mindshare"]
}, {
   "category": "PERAKENDE, SATIŞ, E-TİCARET",
   "sub": "",
   "agency": "Rabarba",
   "name": "İstediğin Zaman Diliminde Teslimat",
   "advertiser": "Migros Sanal Market",
   "support": ["Mindshare"]
}, {
   "category": "PERAKENDE, SATIŞ, E-TİCARET",
   "sub": "",
   "agency": "Rabarba",
   "name": "İstediğin Zaman Diliminde Teslimat",
   "advertiser": "Migros Sanal Market",
   "support": ["Mindshare"]
}, {
   "category": "PERAKENDE, SATIŞ, E-TİCARET",
   "sub": "",
   "agency": "Rabarba",
   "name": "Küçük Dil",
   "advertiser": "Migros Sanal Market",
   "support": ["Mindshare"]
}, {
   "category": "PERAKENDE, SATIŞ, E-TİCARET",
   "sub": "",
   "agency": "Rabarba",
   "name": "Soyulanlar",
   "advertiser": "Migros Sanal Market",
   "support": ["Mindshare"]
}, {
   "category": "PERAKENDE, SATIŞ, E-TİCARET",
   "sub": "",
   "agency": "Rabarba",
   "name": "Soyulanlar",
   "advertiser": "Migros Sanal Market",
   "support": ["Mindshare"]
}, {
   "category": "PERAKENDE, SATIŞ, E-TİCARET",
   "sub": "",
   "agency": "Rabarba",
   "name": "Soyulanlar",
   "advertiser": "Migros Sanal Market",
   "support": ["Mindshare"]
}, {
   "category": "PERAKENDE, SATIŞ, E-TİCARET",
   "sub": "",
   "agency": "TBWA\\İstanbul",
   "name": "7/24 Açık -1",
   "advertiser": "McDonald's",
   "support": ["OMD"]
}, {
   "category": "PERAKENDE, SATIŞ, E-TİCARET",
   "sub": "",
   "agency": "TBWA\\İstanbul",
   "name": "7/24 Açık -2",
   "advertiser": "McDonald's",
   "support": ["OMD"]
}, {
   "category": "PERAKENDE, SATIŞ, E-TİCARET",
   "sub": "",
   "agency": "TBWA\\İstanbul",
   "name": "7/24 Açık -3",
   "advertiser": "McDonald's",
   "support": ["OMD"]
}, {
   "category": "PERAKENDE, SATIŞ, E-TİCARET",
   "sub": "",
   "agency": "VMLY&R İstanbul",
   "name": "Kariyer.net / Ayaklar - Kadın",
   "advertiser": "Kariyer.net",
   "support": ["Medyatek"]
}, {
   "category": "PERAKENDE, SATIŞ, E-TİCARET",
   "sub": "",
   "agency": "VMLY&R İstanbul",
   "name": "Kariyer.net / Ayaklar - Erkek",
   "advertiser": "Kariyer.net",
   "support": ["Medyatek"]
}, {
   "category": "PERAKENDE, SATIŞ, E-TİCARET",
   "sub": "",
   "agency": "Rafineri",
   "name": "BEYMEN / Hediye Danışmanlığı",
   "advertiser": "BEYMEN",
   "support": []
}, {
   "category": "PERAKENDE, SATIŞ, E-TİCARET",
   "sub": "",
   "agency": "TBWA\\İstanbul",
   "name": "Story İndirimler - Tost Makinesi",
   "advertiser": "MediaMarkt",
   "support": []
}, {
   "category": "PERAKENDE, SATIŞ, E-TİCARET",
   "sub": "",
   "agency": "TBWA\\İstanbul",
   "name": "Story İndirimler - Süpürge",
   "advertiser": "MediaMarkt",
   "support": []
}, {
   "category": "PERAKENDE, SATIŞ, E-TİCARET",
   "sub": "",
   "agency": "TBWA\\İstanbul",
   "name": "Story İndirimler - Laptop",
   "advertiser": "MediaMarkt",
   "support": []
}, {
   "category": "PERAKENDE, SATIŞ, E-TİCARET",
   "sub": "",
   "agency": "TBWA\\İstanbul",
   "name": "Aynı Gün Teslimat - Sabah",
   "advertiser": "MediaMarkt",
   "support": ["Starcom"]
}, {
   "category": "PERAKENDE, SATIŞ, E-TİCARET",
   "sub": "",
   "agency": "TBWA\\İstanbul",
   "name": "Aynı Gün Teslimat - Öğlen",
   "advertiser": "MediaMarkt",
   "support": ["Starcom"]
}, {
   "category": "PERAKENDE, SATIŞ, E-TİCARET",
   "sub": "",
   "agency": "TBWA\\İstanbul",
   "name": "Aynı Gün Teslimat - Gece",
   "advertiser": "MediaMarkt",
   "support": ["Starcom"]
}, {
   "category": "KURUMSAL İMAJ",
   "sub": "",
   "agency": "Lokal",
   "name": "AR-GE Kamyon İlanı",
   "advertiser": "Mercedes Benz Türk",
   "support": []
}, {
   "category": "KURUMSAL İMAJ",
   "sub": "",
   "agency": "Lokal",
   "name": "AR-GE Otobüs İlanı",
   "advertiser": "Mercedes Benz Türk",
   "support": []
}, {
   "category": "KURUMSAL İMAJ",
   "sub": "",
   "agency": "Tribal Worldwide İstanbul",
   "name": "Art of quattro",
   "advertiser": "Audi",
   "support": []
}, {
   "category": "KURUMSAL İMAJ",
   "sub": "",
   "agency": "MullenLowe İstanbul",
   "name": "Hikayeler",
   "advertiser": "SEAT TÜRKİYE",
   "support": ["Mediacom"]
}, {
   "category": "KURUMSAL İMAJ",
   "sub": "",
   "agency": "Alaaddin",
   "name": "65. Yıl",
   "advertiser": "VakıfBank",
   "support": []
}, {
   "category": "KURUMSAL İMAJ",
   "sub": "",
   "agency": "Andbrand",
   "name": "Büyük Lekeler - Deniz",
   "advertiser": "Etimaden BORON",
   "support": []
}, {
   "category": "KURUMSAL İMAJ",
   "sub": "",
   "agency": "Andbrand",
   "name": "Büyük Lekeler - Orman",
   "advertiser": "Etimaden BORON",
   "support": []
}, {
   "category": "KURUMSAL İMAJ",
   "sub": "",
   "agency": "Medina Turgul DDB",
   "name": "Arkeoloji Sponsorluğu - Mozaik",
   "advertiser": "Türkiye İş Bankası",
   "support": ["Alld Studio"]
}, {
   "category": "KURUMSAL İMAJ",
   "sub": "",
   "agency": "Medina Turgul DDB",
   "name": "Arkeoloji Sponsorluğu İlanı - Heykel",
   "advertiser": "Türkiye İş Bankası A.Ş.",
   "support": ["Alld Studio"]
}, {
   "category": "KURUMSAL İMAJ",
   "sub": "",
   "agency": "Publicis İstanbul",
   "name": "Seni Sevmek Ne Güzel",
   "advertiser": "Koç Holding",
   "support": [" Mindshare"]
}, {
   "category": "KURUMSAL İMAJ",
   "sub": "",
   "agency": "Rafineri",
   "name": "01 Turkcell Akademi",
   "advertiser": "Turkcell",
   "support": []
}, {
   "category": "KURUMSAL İMAJ",
   "sub": "",
   "agency": "Kaf",
   "name": "Kola Dolabı",
   "advertiser": "Klimasan Klima Sanayi ve Ticaret A.Ş.",
   "support": []
}, {
   "category": "KURUMSAL İMAJ",
   "sub": "",
   "agency": "Kaf",
   "name": "Bira Dolabı",
   "advertiser": "Klimasan Klima Sanayi ve Ticaret A.Ş.",
   "support": []
}, {
   "category": "KURUMSAL İMAJ",
   "sub": "",
   "agency": "Rafineri",
   "name": "02 Turkcell Akademi",
   "advertiser": "Turkcell",
   "support": []
}, {
   "category": "KURUMSAL İMAJ",
   "sub": "",
   "agency": "Rafineri",
   "name": "03 Turkcell Akademi",
   "advertiser": "Turkcell",
   "support": []
}, {
   "category": "TOPLUMSAL SORUMLULUK",
   "sub": "",
   "agency": "Reklam Merkezi",
   "name": "Çetaş / Mesaj",
   "advertiser": "Çetaş Otomotiv",
   "support": ["Emek Kalfa"]
}, {
   "category": "TOPLUMSAL SORUMLULUK",
   "sub": "",
   "agency": "4129Grey",
   "name": "Düşündüren Sayı: Simone",
   "advertiser": "Yasemin Aksehirlioglu",
   "support": []
}, {
   "category": "TOPLUMSAL SORUMLULUK",
   "sub": "",
   "agency": "Being ÇÖZÜM",
   "name": "GIDA GÜVENLİĞİ - BRUSCHETTA",
   "advertiser": "Unilever Food Solutions",
   "support": []
}, {
   "category": "TOPLUMSAL SORUMLULUK",
   "sub": "",
   "agency": "Being ÇÖZÜM",
   "name": "GIDA GÜVENLİĞİ - SOMON",
   "advertiser": "Unilever Food Solutions",
   "support": []
}, {
   "category": "TOPLUMSAL SORUMLULUK",
   "sub": "",
   "agency": "Being ÇÖZÜM",
   "name": "GIDA GÜVENLİĞİ - MOZZARELLA",
   "advertiser": "Unilever Food Solutions",
   "support": []
}, {
   "category": "TOPLUMSAL SORUMLULUK",
   "sub": "",
   "agency": "Format C",
   "name": "Kadının Adı yok",
   "advertiser": "Doğan Egmont",
   "support": []
}, {
   "category": "TOPLUMSAL SORUMLULUK",
   "sub": "",
   "agency": "VMLY&R İstanbul",
   "name": "Arçelik Süpürge \"Sahiplen\"/Kedi",
   "advertiser": "Arçelik",
   "support": ["Mindshare"]
}, {
   "category": "TOPLUMSAL SORUMLULUK",
   "sub": "",
   "agency": "TBWA\\İstanbul",
   "name": "YEŞİLSiZ HAYAT YOK",
   "advertiser": "TEMİZ HAVA HAKKI PLATFORMU",
   "support": []
}, {
   "category": "TOPLUMSAL SORUMLULUK",
   "sub": "",
   "agency": "TBWA\\İstanbul",
   "name": "Düşman Eller / Daltonlar",
   "advertiser": "TURKCELL",
   "support": ["Arena Medya"]
}, {
   "category": "TOPLUMSAL SORUMLULUK",
   "sub": "",
   "agency": "VMLY&R İstanbul",
   "name": "Arçelik Süpürge \"Sahiplen\"/Köpek",
   "advertiser": "Arçelik",
   "support": ["Mindshare"]
}, {
   "category": "TOPLUMSAL SORUMLULUK",
   "sub": "",
   "agency": "TBWA\\İstanbul",
   "name": "Düşman Eller -Batman",
   "advertiser": "TURKCELL",
   "support": ["Arena Medya"]
}, {
   "category": "TOPLUMSAL SORUMLULUK",
   "sub": "",
   "agency": "TBWA\\İstanbul",
   "name": "Düşman Eller - Ninja Kaplumbağa",
   "advertiser": "TURKCELL",
   "support": ["Arena Medya"]
}, {
   "category": "TOPLUMSAL SORUMLULUK",
   "sub": "",
   "agency": "VMLY&R İstanbul",
   "name": "#efektyok",
   "advertiser": "Goodroll - Snapchat",
   "support": ["Medyatek"]
}, {
   "category": "TOPLUMSAL SORUMLULUK",
   "sub": "",
   "agency": "Havas",
   "name": "Burdur Çölü",
   "advertiser": "Reckitt Benckiser",
   "support": []
}, {
   "category": "TOPLUMSAL SORUMLULUK",
   "sub": "",
   "agency": "Karpat independent Advertising Agency",
   "name": "HARİTALAR",
   "advertiser": "YANDEX",
   "support": []
}, {
   "category": "TOPLUMSAL SORUMLULUK",
   "sub": "",
   "agency": "Karpat independent Advertising Agency",
   "name": "BAZEN TUVALETE ULAŞMAK ZOR GELİR",
   "advertiser": "MEMORIAL",
   "support": []
}, {
   "category": "TOPLUMSAL SORUMLULUK",
   "sub": "",
   "agency": "Kaf",
   "name": "Ayakkabıcı ve Cüceler",
   "advertiser": "ILO - Uluslararası Çalışma Örgütü",
   "support": ["Mona Design"]
}, {
   "category": "TOPLUMSAL SORUMLULUK",
   "sub": "",
   "agency": "Kaf",
   "name": "Pamuk Prenses",
   "advertiser": "ILO - Uluslararası Çalışma Örgütü",
   "support": ["Mona Design"]
}, {
   "category": "TOPLUMSAL SORUMLULUK",
   "sub": "",
   "agency": "Kaf",
   "name": "Alice Harikalar Diyarında",
   "advertiser": "ILO - Uluslararası Çalışma Örgütü",
   "support": ["Mona Design"]
}, {
   "category": "TOPLUMSAL SORUMLULUK",
   "sub": "",
   "agency": "Karpat independent Advertising Agency",
   "name": "HARİTALAR",
   "advertiser": "YANDEX",
   "support": []
}, {
   "category": "TOPLUMSAL SORUMLULUK",
   "sub": "",
   "agency": "Karpat independent Advertising Agency",
   "name": "HARİTALAR",
   "advertiser": "YANDEX",
   "support": []
}, {
   "category": "TOPLUMSAL SORUMLULUK",
   "sub": "",
   "agency": "Karpat independent Advertising Agency",
   "name": "HARİTALAR",
   "advertiser": "YANDEX",
   "support": []
}, {
   "category": "DİĞER",
   "sub": "",
   "agency": "Lokal",
   "name": "Ruhuna İyi Bak-Paslı Çivi İlan",
   "advertiser": "Ruhuna İyi Bak",
   "support": []
}, {
   "category": "DİĞER",
   "sub": "",
   "agency": "Lokal",
   "name": "Ruhuna İyi Bak-Karton Kutu ilan",
   "advertiser": "Ruhuna İyi Bak",
   "support": []
}, {
   "category": "DİĞER",
   "sub": "",
   "agency": "Lokal",
   "name": "Ruhuna İyi Bak-Kurtlu Kanepe İlan",
   "advertiser": "Ruhuna İyi Bak",
   "support": []
}, {
   "category": "DİĞER",
   "sub": "",
   "agency": "Reklam Merkezi",
   "name": "İnci Battery / Gelecek",
   "advertiser": "İnci GS Yuasa",
   "support": []
}, {
   "category": "DİĞER",
   "sub": "",
   "agency": "VMLY&R İstanbul",
   "name": "Memorial / Doktora Sor - El Kaşıntısı",
   "advertiser": "Memorial",
   "support": ["Medyatek"]
}, {
   "category": "DİĞER",
   "sub": "",
   "agency": "VMLY&R İstanbul",
   "name": "Memorial / Doktora Sor - Kırmızı Nokta",
   "advertiser": "Memorial",
   "support": ["Medyatek"]
}, {
   "category": "DİĞER",
   "sub": "",
   "agency": "VMLY&R İstanbul",
   "name": "Memorial / Doktora Sor - Baş Ağrısı",
   "advertiser": "Memorial",
   "support": ["Medyatek"]
}]